{"cameraMode":{"drawMode":0,"name":"Shaded","section":"Shading Mode"},"sceneLighting":true,"audioPlay":false,"sceneViewState":{"showFog":false,"showMaterialUpdate":false,"showSkybox":false,"showFlares":false,"showImageEffects":false,"showParticleSystems":false},"in2DMode":false,"pivot":{"x":0.06553670763969422,"y":4.622091293334961,"z":-12.095549583435059},"rotation":{"x":-0.024300187826156617,"y":-0.02489442378282547,"z":0.0006051221862435341,"w":-0.9993945360183716},"size":5.979496002197266,"orthographic":false}