{"cameraMode":{"drawMode":0,"name":"Shaded","section":"Shading Mode"},"sceneLighting":true,"audioPlay":false,"sceneViewState":{"showFog":false,"showMaterialUpdate":false,"showSkybox":false,"showFlares":false,"showImageEffects":false,"showParticleSystems":false},"in2DMode":false,"pivot":{"x":0.17000000178813935,"y":4.519999980926514,"z":-10.0},"rotation":{"x":-0.12444369494915009,"y":0.025890488177537919,"z":-0.0032483823597431185,"w":-0.9918835163116455},"size":-0.5547655820846558,"orthographic":false}