{"cameraMode":{"drawMode":0,"name":"Shaded","section":"Shading Mode"},"sceneLighting":false,"audioPlay":false,"sceneViewState":{"showFog":false,"showMaterialUpdate":false,"showSkybox":false,"showFlares":false,"showImageEffects":false,"showParticleSystems":false},"in2DMode":false,"pivot":{"x":0.0,"y":1.6770000457763672,"z":4.76837158203125e-7},"rotation":{"x":0.02211642824113369,"y":-0.08029791712760925,"z":-0.0017823000671342016,"w":-0.9965239763259888},"size":32.65507888793945,"orthographic":false}