{"cameraMode":{"drawMode":0,"name":"Shaded","section":"Shading Mode"},"sceneLighting":true,"audioPlay":false,"sceneViewState":{"showFog":false,"showMaterialUpdate":false,"showSkybox":false,"showFlares":false,"showImageEffects":false,"showParticleSystems":false},"in2DMode":false,"pivot":{"x":0.1700000762939453,"y":0.9317951202392578,"z":90.0},"rotation":{"x":-0.08719733357429505,"y":0.006571452599018812,"z":-0.0005752496072091162,"w":-0.9961692690849304},"size":90.26729583740235,"orthographic":false}