{"cameraMode":{"drawMode":0,"name":"Shaded","section":"Shading Mode"},"sceneLighting":false,"audioPlay":false,"sceneViewState":{"showFog":false,"showMaterialUpdate":false,"showSkybox":false,"showFlares":false,"showImageEffects":false,"showParticleSystems":false},"in2DMode":false,"pivot":{"x":0.20999997854232789,"y":0.16499996185302735,"z":1.2699999809265137},"rotation":{"x":-0.09889619052410126,"y":0.07068756967782974,"z":-0.007043149322271347,"w":-0.9925589561462402},"size":18.08665657043457,"orthographic":false}